commentId,userId,text,displayText,createdAt,likesCount
c1,u3,Not sure about that... @Femi ğŸ¤”,Not sure about that....,2025-07-19T04:01:00,1
c2,u20,Great point! Check my take:  ğŸ‘€,Great point! Check m...,2025-07-20T20:19:00,1
c3,u33,Replying to @Lupita: Yes!  ğŸ’ª,Replying to @Lupita:...,2025-07-11T15:35:00,1
c4,u46,Great point! Check my take:  ğŸ‘€,Great point! Check m...,2025-05-22T11:47:00,1
c5,u12,Love this! #AI #fashion [image] ğŸ˜ [image],Love this! #AI #fash...,2025-06-25T16:36:00,0
c6,u1,Not sure about that... @Ryan ğŸ¤”,Not sure about that....,2025-06-19T19:29:00,1
c7,u1,Love this! #FashionWeek [image] ğŸ˜,Love this! #FashionW...,2025-04-12T04:34:00,1
c8,u44,Not sure about that... @Oprah ğŸ¤”,Not sure about that....,2025-04-11T22:51:00,1
c9,u9,Replying to @Trevor: Yes! #RenewableEnergy ğŸ’ª,Replying to @Trevor:...,2025-06-13T15:29:00,0
c10,u49,Totally agree!   ğŸ™Œ,Totally agree!   ğŸ™Œ,2025-05-16T14:05:00,1
c11,u46,This is hilarious!  #photography #instagood ğŸ˜‚,This is hilarious!  ...,2025-06-11T14:02:00,1
c12,u11,Love this! #photography [image] ğŸ˜,Love this! #photogra...,2025-06-07T01:07:00,0
c13,u29,Totally agree!  #viral ğŸ™Œ,Totally agree!  #vir...,2025-04-19T23:26:00,0
c14,u20,Great point! Check my take:  ğŸ‘€,Great point! Check m...,2025-06-16T03:58:00,0
c15,u23,Love this! #instagood #HealthTech [image] ğŸ˜,Love this! #instagoo...,2025-06-13T20:28:00,0
c16,u12,Love this! #RenewableEnergy #MentalHealth [image] ğŸ˜,Love this! #Renewabl...,2025-07-01T06:58:00,0
c17,u25,Not sure about that...  ğŸ¤”,Not sure about that....,2025-05-09T06:54:00,0
c18,u26,Love this! #fyp #MusicFest [image] ğŸ˜,Love this! #fyp #Mus...,2025-06-14T09:21:00,1
c19,u28,This is hilarious!   ğŸ˜‚,This is hilarious!  ...,2025-06-26T04:36:00,2
c20,u3,Love this!  [image] ğŸ˜ [image],Love this!  [image] ...,2025-07-28T14:52:00,1
c21,u16,Totally agree!  #Sustainability ğŸ™Œ,Totally agree!  #Sus...,2025-06-06T21:40:00,2
c22,u15,This is hilarious!  #Blockchain #Gaming ğŸ˜‚,This is hilarious!  ...,2025-06-14T00:53:00,1
c23,u15,Replying to @Adele: Yes! #instagood ğŸ’ª,Replying to @Adele: ...,2025-07-02T23:48:00,0
c24,u44,Replying to @Rema: Yes! #instagood ğŸ’ª,Replying to @Rema: Y...,2025-07-29T08:23:00,2
c25,u21,Great point! Check my take:  ğŸ‘€,Great point! Check m...,2025-04-29T04:55:00,1
c26,u20,Great point! Check my take: https://blog.example.com/reply53 ğŸ‘€,Great point! Check m...,2025-07-11T18:42:00,1
c27,u16,Totally agree! @Chris #MentalHealth ğŸ™Œ,Totally agree! @Chri...,2025-07-04T06:16:00,1
c28,u4,Great point! Check my take: https://blog.example.com/reply10 ğŸ‘€,Great point! Check m...,2025-05-31T17:31:00,1
c29,u14,Replying to @Chimamanda: Yes! #music ğŸ’ª [image],Replying to @Chimama...,2025-06-05T04:05:00,1
c30,u16,Not sure about that...  ğŸ¤”,Not sure about that....,2025-06-14T07:21:00,0
c31,u42,Totally agree! @Jack #ClimateAction ğŸ™Œ,Totally agree! @Jack...,2025-04-29T05:13:00,0
c32,u49,This is hilarious!  #AI ğŸ˜‚,This is hilarious!  ...,2025-06-30T06:02:00,1
c33,u17,Great point! Check my take:  ğŸ‘€,Great point! Check m...,2025-06-17T16:34:00,4
c34,u36,This is hilarious!  #RenewableEnergy ğŸ˜‚,This is hilarious!  ...,2025-04-02T04:03:00,1
c35,u11,Replying to : Yes! #Springboks #Metaverse ğŸ’ª,Replying to : Yes! #...,2025-03-22T06:02:00,2
c36,u3,This is hilarious! https://blog.example.com/reply18 #instagood #Blockchain ğŸ˜‚,This is hilarious! h...,2025-04-06T23:54:00,1
c37,u1,Great point! Check my take: https://blog.example.com/reply82 ğŸ‘€,Great point! Check m...,2025-07-29T22:10:00,1
c38,u32,Totally agree!   ğŸ™Œ,Totally agree!   ğŸ™Œ,2025-07-29T09:31:00,2
c39,u35,This is hilarious!  #MusicFest #FashionWeek ğŸ˜‚,This is hilarious!  ...,2025-07-04T02:23:00,0
c40,u34,Not sure about that...  ğŸ¤”,Not sure about that....,2025-04-19T09:18:00,0
c41,u6,Not sure about that... @Mindy ğŸ¤”,Not sure about that....,2025-06-18T17:33:00,0
c42,u42,Love this!  [image] ğŸ˜,Love this!  [image] ...,2025-04-26T14:46:00,1
c43,u45,Not sure about that...  ğŸ¤”,Not sure about that....,2025-06-30T17:20:00,1
c44,u34,Great point! Check my take:  ğŸ‘€,Great point! Check m...,2025-06-02T05:16:00,0
c45,u5,Totally agree! @Rema #Gaming #instagood ğŸ™Œ,Totally agree! @Rema...,2025-07-11T12:36:00,1
c46,u10,Love this! #reels [image] ğŸ˜,Love this! #reels [i...,2025-07-11T00:03:00,0
c47,u22,Great point! Check my take:  ğŸ‘€,Great point! Check m...,2025-04-09T23:28:00,2
c48,u4,Great point! Check my take:  ğŸ‘€,Great point! Check m...,2025-04-04T06:49:00,1
c49,u50,Not sure about that... @Ellen ğŸ¤”,Not sure about that....,2025-03-31T17:33:00,1
c50,u28,Not sure about that...  ğŸ¤”,Not sure about that....,2025-07-06T21:49:00,0
c51,u6,Love this! #FashionWeek [image] ğŸ˜,Love this! #FashionW...,2025-03-08T12:31:00,1
c52,u6,This is hilarious!  #Sustainability ğŸ˜‚,This is hilarious!  ...,2025-04-20T05:39:00,0
c53,u29,Love this!  [image] ğŸ˜ [video],Love this!  [image] ...,2025-04-19T20:43:00,0
c54,u25,Great point! Check my take:  ğŸ‘€,Great point! Check m...,2025-03-04T11:08:00,0
c55,u25,This is hilarious!   ğŸ˜‚,This is hilarious!  ...,2025-03-27T15:24:00,2
c56,u18,Replying to @Adele: Yes! #AfricanTech ğŸ’ª,Replying to @Adele: ...,2025-05-20T02:51:00,1
c57,u40,Not sure about that...  ğŸ¤” [video],Not sure about that....,2025-07-21T02:17:00,0
c58,u22,Great point! Check my take:  ğŸ‘€,Great point! Check m...,2025-06-20T20:59:00,1
c59,u39,Not sure about that...  ğŸ¤”,Not sure about that....,2025-06-14T01:57:00,0
c60,u41,Love this!  [image] ğŸ˜,Love this!  [image] ...,2025-04-12T08:44:00,0
c61,u13,Replying to : Yes! #Blockchain #Springboks ğŸ’ª,Replying to : Yes! #...,2025-05-28T03:15:00,0
c62,u45,This is hilarious!  #Gaming ğŸ˜‚,This is hilarious!  ...,2025-06-20T20:57:00,0
c63,u46,Great point! Check my take:  ğŸ‘€,Great point! Check m...,2025-06-13T15:16:00,1
c64,u45,Great point! Check my take:  ğŸ‘€,Great point! Check m...,2025-04-09T11:18:00,0
c65,u7,Great point! Check my take:  ğŸ‘€,Great point! Check m...,2025-06-06T22:55:00,0
c66,u42,This is hilarious!  #AfricanTech ğŸ˜‚ [video],This is hilarious!  ...,2025-07-03T05:08:00,1
c67,u36,Great point! Check my take:  ğŸ‘€,Great point! Check m...,2025-07-17T08:43:00,2
c68,u23,Totally agree!  #photography ğŸ™Œ,Totally agree!  #pho...,2025-07-23T02:09:00,1
c69,u23,Love this! #AfricanTech [image] ğŸ˜,Love this! #AfricanT...,2025-07-19T07:51:00,0
c70,u29,Replying to @Cardi: Yes! #instagood ğŸ’ª [video],Replying to @Cardi: ...,2025-04-20T05:47:00,1
c71,u48,Love this! #reels #Springboks [image] ğŸ˜,Love this! #reels #S...,2025-04-19T11:37:00,0
c72,u41,Totally agree!   ğŸ™Œ,Totally agree!   ğŸ™Œ,2025-04-07T13:50:00,0
c73,u29,Replying to @Snoop: Yes!  ğŸ’ª,Replying to @Snoop: ...,2025-06-06T02:45:00,0
c74,u37,Not sure about that...  ğŸ¤”,Not sure about that....,2025-03-29T17:09:00,0
c75,u34,Love this! #Innovation [image] ğŸ˜ [video],Love this! #Innovati...,2025-04-07T10:43:00,0
c76,u46,Totally agree! @Usain #fashion #Gaming ğŸ™Œ [video],Totally agree! @Usai...,2025-06-04T16:00:00,0
c77,u10,Replying to @Zozibini: Yes! #viral #DataScience ğŸ’ª,Replying to @Zozibin...,2025-04-04T19:41:00,1
c78,u12,Love this! #music [image] ğŸ˜,Love this! #music [i...,2025-06-01T09:02:00,0
c79,u1,Great point! Check my take:  ğŸ‘€,Great point! Check m...,2025-06-04T05:16:00,1
c80,u44,This is hilarious!  #MusicFest #Sustainability ğŸ˜‚ [image],This is hilarious!  ...,2025-05-06T00:58:00,0
c81,u15,Great point! Check my take:  ğŸ‘€,Great point! Check m...,2025-04-11T18:23:00,2
c82,u8,Great point! Check my take:  ğŸ‘€ [video],Great point! Check m...,2025-07-17T10:33:00,1
c83,u7,Not sure about that...  ğŸ¤”,Not sure about that....,2025-05-16T07:31:00,1
c84,u29,Replying to : Yes!  ğŸ’ª,Replying to : Yes!  ...,2025-05-29T00:59:00,0
c85,u41,Totally agree! @Trevor #viral #AfricanTech ğŸ™Œ,Totally agree! @Trev...,2025-07-17T11:50:00,0
c86,u18,Great point! Check my take:  ğŸ‘€,Great point! Check m...,2025-06-07T14:11:00,0
c87,u7,This is hilarious! https://blog.example.com/reply36 #HealthTech ğŸ˜‚,This is hilarious! h...,2025-07-03T05:12:00,0
c88,u16,Love this! #AI #MusicFest [image] ğŸ˜,Love this! #AI #Musi...,2025-05-20T03:32:00,1
c89,u41,Totally agree! @Pharrell #Afrobeats ğŸ™Œ,Totally agree! @Phar...,2025-07-12T06:43:00,0
c90,u45,Replying to @Yemi: Yes! #AI ğŸ’ª,Replying to @Yemi: Y...,2025-04-09T03:30:00,1
c91,u41,Love this! #Afrobeats #explore [image] ğŸ˜,Love this! #Afrobeat...,2025-04-19T21:39:00,1
c92,u22,Totally agree!  #DigitalNomad #Metaverse ğŸ™Œ,Totally agree!  #Dig...,2025-06-18T13:41:00,1
c93,u30,Love this!  [image] ğŸ˜,Love this!  [image] ...,2025-07-01T14:23:00,1
c94,u13,Totally agree!  #music #reels ğŸ™Œ,Totally agree!  #mus...,2025-04-25T10:37:00,1
c95,u6,Replying to @Kehinde: Yes! #reels #instagood ğŸ’ª,Replying to @Kehinde...,2025-05-05T19:33:00,1
c96,u42,Great point! Check my take:  ğŸ‘€ [image],Great point! Check m...,2025-06-21T15:40:00,0
c97,u1,Totally agree! @Kanye #FashionWeek ğŸ™Œ [video],Totally agree! @Kany...,2025-05-09T06:20:00,0
c98,u7,This is hilarious!  #viral ğŸ˜‚,This is hilarious!  ...,2025-03-25T20:30:00,0
c99,u10,Not sure about that...  ğŸ¤”,Not sure about that....,2025-05-23T18:07:00,1
c100,u48,Totally agree!  #Innovation ğŸ™Œ,Totally agree!  #Inn...,2025-03-28T07:27:00,2
c101,u49,This is hilarious!  #RenewableEnergy #Afrobeats ğŸ˜‚,This is hilarious!  ...,2025-03-16T09:47:00,0
c102,u6,Replying to : Yes! #Innovation #Innovation ğŸ’ª,Replying to : Yes! #...,2025-05-04T18:01:00,1
c103,u20,Replying to : Yes! #Innovation #Crypto ğŸ’ª,Replying to : Yes! #...,2025-03-16T05:29:00,0
c104,u32,Great point! Check my take:  ğŸ‘€,Great point! Check m...,2025-07-01T01:11:00,0
c105,u24,Great point! Check my take:  ğŸ‘€,Great point! Check m...,2025-07-27T04:25:00,1
c106,u50,Totally agree!   ğŸ™Œ [image],Totally agree!   ğŸ™Œ [...,2025-04-27T04:05:00,1
c107,u33,Totally agree! @Pharrell #Crypto #Blockchain ğŸ™Œ,Totally agree! @Phar...,2025-07-29T00:36:00,1
c108,u40,This is hilarious!  #fashion ğŸ˜‚,This is hilarious!  ...,2025-03-08T19:22:00,1
c109,u35,Totally agree! @Ryan #MentalHealth #Blockchain ğŸ™Œ,Totally agree! @Ryan...,2025-07-26T03:19:00,1
c110,u47,Totally agree!   ğŸ™Œ,Totally agree!   ğŸ™Œ,2025-04-11T23:56:00,0
c111,u4,Replying to @Kehinde: Yes! #Gaming #RenewableEnergy ğŸ’ª [image],Replying to @Kehinde...,2025-07-29T09:47:00,0
c112,u23,Replying to @Trevor: Yes! #viral ğŸ’ª,Replying to @Trevor:...,2025-03-04T13:57:00,1
c113,u22,Totally agree! @Lupita #fashion #travel ğŸ™Œ,Totally agree! @Lupi...,2025-07-27T05:01:00,2
c114,u24,Not sure about that...  ğŸ¤”,Not sure about that....,2025-07-12T04:27:00,0
c115,u44,This is hilarious!   ğŸ˜‚ [image],This is hilarious!  ...,2025-06-21T20:36:00,0
c116,u25,Great point! Check my take:  ğŸ‘€,Great point! Check m...,2025-07-01T05:26:00,1
c117,u27,Not sure about that...  ğŸ¤”,Not sure about that....,2025-06-30T12:23:00,1
c118,u24,Totally agree!  #Gaming #Cybersecurity ğŸ™Œ,Totally agree!  #Gam...,2025-05-16T01:31:00,2
c119,u30,Not sure about that... @Jack ğŸ¤” [image],Not sure about that....,2025-03-31T06:22:00,0
c120,u48,This is hilarious!  #ClimateAction ğŸ˜‚,This is hilarious!  ...,2025-05-06T01:23:00,0
c121,u49,Replying to : Yes!  ğŸ’ª [video],Replying to : Yes!  ...,2025-03-22T12:40:00,1
c122,u22,This is hilarious!  #Afrobeats #DigitalNomad ğŸ˜‚,This is hilarious!  ...,2025-05-15T09:20:00,0
c123,u27,Great point! Check my take:  ğŸ‘€ [image],Great point! Check m...,2025-07-04T01:08:00,2
c124,u30,Totally agree!  #photography #Crypto ğŸ™Œ,Totally agree!  #pho...,2025-04-09T06:43:00,0
c125,u28,Love this!  [image] ğŸ˜,Love this!  [image] ...,2025-06-06T22:08:00,0
c126,u21,This is hilarious! https://blog.example.com/reply26  ğŸ˜‚ [image],This is hilarious! h...,2025-05-20T10:09:00,0
c127,u30,This is hilarious!   ğŸ˜‚,This is hilarious!  ...,2025-04-19T21:21:00,1
c128,u17,Replying to : Yes!  ğŸ’ª,Replying to : Yes!  ...,2025-07-29T04:49:00,0
c129,u14,Love this!  [image] ğŸ˜,Love this!  [image] ...,2025-06-26T23:23:00,2
c130,u20,Great point! Check my take:  ğŸ‘€,Great point! Check m...,2025-07-17T14:07:00,0
c131,u7,This is hilarious!   ğŸ˜‚ [image],This is hilarious!  ...,2025-04-04T03:32:00,0
c132,u24,This is hilarious!  #DataScience #travel ğŸ˜‚ [image],This is hilarious!  ...,2025-05-03T21:41:00,0
c133,u9,Replying to : Yes! #photography ğŸ’ª [video],Replying to : Yes! #...,2025-04-04T02:09:00,1
c134,u25,Love this! #explore [image] ğŸ˜,Love this! #explore ...,2025-04-08T19:01:00,1
c135,u40,Totally agree!  #music #Metaverse ğŸ™Œ,Totally agree!  #mus...,2025-05-04T07:11:00,0
c136,u9,Great point! Check my take:  ğŸ‘€,Great point! Check m...,2025-04-19T19:05:00,1
c137,u46,Not sure about that... @Cristiano ğŸ¤”,Not sure about that....,2025-04-27T03:04:00,0
c138,u2,Love this!  [image] ğŸ˜,Love this!  [image] ...,2025-03-14T14:09:00,0
c139,u15,Great point! Check my take:  ğŸ‘€,Great point! Check m...,2025-07-04T12:57:00,3
c140,u49,This is hilarious!  #DigitalNomad #AfricanTech ğŸ˜‚,This is hilarious!  ...,2025-03-12T21:55:00,0
c141,u21,Great point! Check my take:  ğŸ‘€,Great point! Check m...,2025-03-30T23:14:00,1
c142,u13,Great point! Check my take:  ğŸ‘€ [image],Great point! Check m...,2025-05-06T10:14:00,0
c143,u31,Not sure about that...  ğŸ¤”,Not sure about that....,2025-05-16T10:59:00,0
c144,u4,Totally agree!   ğŸ™Œ,Totally agree!   ğŸ™Œ,2025-03-19T20:03:00,0
c145,u5,This is hilarious!  #Afrobeats #DataScience ğŸ˜‚,This is hilarious!  ...,2025-04-07T07:28:00,0
c146,u41,Great point! Check my take:  ğŸ‘€,Great point! Check m...,2025-07-26T12:55:00,4
c147,u43,This is hilarious!  #music ğŸ˜‚,This is hilarious!  ...,2025-05-12T19:38:00,0
c148,u37,Great point! Check my take:  ğŸ‘€,Great point! Check m...,2025-03-26T16:58:00,0
c149,u7,This is hilarious! https://blog.example.com/reply45 #RenewableEnergy ğŸ˜‚,This is hilarious! h...,2025-07-25T04:19:00,1
c150,u46,Totally agree! @Serena  ğŸ™Œ,Totally agree! @Sere...,2025-06-23T14:02:00,1
c151,u47,This is hilarious!   ğŸ˜‚,This is hilarious!  ...,2025-07-16T18:42:00,1
c152,u25,Great point! Check my take:  ğŸ‘€,Great point! Check m...,2025-05-04T22:50:00,1
c153,u15,Not sure about that...  ğŸ¤” [image],Not sure about that....,2025-06-25T06:28:00,0
c154,u5,Totally agree! @Satya #reels ğŸ™Œ,Totally agree! @Saty...,2025-07-18T22:35:00,1
c155,u31,This is hilarious!  #MentalHealth ğŸ˜‚,This is hilarious!  ...,2025-07-17T11:57:00,1
c156,u14,Great point! Check my take:  ğŸ‘€,Great point! Check m...,2025-07-01T04:19:00,1
c157,u20,Love this!  [image] ğŸ˜,Love this!  [image] ...,2025-04-12T23:37:00,1
c158,u1,This is hilarious!  #MusicFest ğŸ˜‚,This is hilarious!  ...,2025-05-14T01:19:00,1
c159,u11,Love this! #DigitalNomad [image] ğŸ˜,Love this! #DigitalN...,2025-04-19T13:04:00,0
c160,u17,Not sure about that...  ğŸ¤”,Not sure about that....,2025-07-12T09:34:00,0
c161,u17,This is hilarious!  #fyp ğŸ˜‚,This is hilarious!  ...,2025-03-10T12:32:00,0
c162,u7,Great point! Check my take:  ğŸ‘€,Great point! Check m...,2025-06-21T23:47:00,0
c163,u25,Love this! #DigitalNomad #HealthTech [image] ğŸ˜,Love this! #DigitalN...,2025-06-22T16:05:00,0
c164,u46,Great point! Check my take:  ğŸ‘€,Great point! Check m...,2025-04-11T22:29:00,0
c165,u12,Totally agree!   ğŸ™Œ [video],Totally agree!   ğŸ™Œ [...,2025-06-14T06:20:00,1
c166,u13,Totally agree!  #travel #AI ğŸ™Œ,Totally agree!  #tra...,2025-05-14T12:52:00,1
c167,u26,Great point! Check my take:  ğŸ‘€,Great point! Check m...,2025-04-20T01:00:00,0
c168,u8,Totally agree! @Trevor  ğŸ™Œ,Totally agree! @Trev...,2025-06-07T10:20:00,1
c169,u50,Love this! #DigitalNomad [image] ğŸ˜,Love this! #DigitalN...,2025-07-29T06:13:00,1
c170,u32,Totally agree! @Naledi  ğŸ™Œ [video],Totally agree! @Nale...,2025-04-13T12:22:00,0
c171,u45,Not sure about that...  ğŸ¤”,Not sure about that....,2025-04-09T05:19:00,2
c172,u20,Not sure about that... @Femi ğŸ¤”,Not sure about that....,2025-07-09T05:21:00,1
c173,u50,This is hilarious!  #TechTrends #Innovation ğŸ˜‚,This is hilarious!  ...,2025-07-26T13:08:00,1
c174,u48,This is hilarious!  #DigitalNomad #ClimateAction ğŸ˜‚,This is hilarious!  ...,2025-07-29T00:54:00,1
c175,u26,This is hilarious! https://blog.example.com/reply25 #Cybersecurity #DataScience ğŸ˜‚,This is hilarious! h...,2025-07-30T10:18:00,1
c176,u3,Love this! #FashionWeek [image] ğŸ˜,Love this! #FashionW...,2025-05-08T10:31:00,1
c177,u8,This is hilarious!   ğŸ˜‚,This is hilarious!  ...,2025-05-15T13:42:00,0
c178,u38,Replying to @Ayra: Yes!  ğŸ’ª,Replying to @Ayra: Y...,2025-07-10T20:12:00,1
c179,u25,This is hilarious!   ğŸ˜‚,This is hilarious!  ...,2025-04-19T06:57:00,0
c180,u15,Love this! #MentalHealth [image] ğŸ˜ [image],Love this! #MentalHe...,2025-04-01T06:06:00,0
c181,u12,Not sure about that...  ğŸ¤”,Not sure about that....,2025-07-29T09:06:00,1
c182,u18,Replying to @Ryan: Yes! #Sustainability ğŸ’ª,Replying to @Ryan: Y...,2025-05-21T01:57:00,0
c183,u26,Not sure about that...  ğŸ¤”,Not sure about that....,2025-04-09T12:18:00,0
c184,u39,Not sure about that... @Jack ğŸ¤”,Not sure about that....,2025-06-16T01:17:00,2
c185,u20,Totally agree!   ğŸ™Œ,Totally agree!   ğŸ™Œ,2025-07-19T17:15:00,0
c186,u26,Not sure about that... @Post ğŸ¤”,Not sure about that....,2025-05-14T03:29:00,0
c187,u26,This is hilarious!   ğŸ˜‚,This is hilarious!  ...,2025-07-19T09:18:00,1
c188,u44,Replying to @Lizzo: Yes! #Crypto ğŸ’ª,Replying to @Lizzo: ...,2025-07-16T22:36:00,0
c189,u19,Great point! Check my take:  ğŸ‘€,Great point! Check m...,2025-07-21T02:11:00,1
c190,u44,Not sure about that... @Pharrell ğŸ¤”,Not sure about that....,2025-06-21T07:15:00,1
c191,u24,Replying to @Bill: Yes! #Sustainability ğŸ’ª,Replying to @Bill: Y...,2025-04-09T05:19:00,1
c192,u5,Love this! #photography #DigitalNomad [image] ğŸ˜,Love this! #photogra...,2025-06-07T17:12:00,1
c193,u9,Love this! #TechTrends [image] ğŸ˜,Love this! #TechTren...,2025-06-30T22:09:00,1
c194,u50,Replying to : Yes! #AI ğŸ’ª,Replying to : Yes! #...,2025-06-13T21:10:00,0
c195,u18,Totally agree!   ğŸ™Œ,Totally agree!   ğŸ™Œ,2025-07-01T08:26:00,0
c196,u41,Replying to @Ryan: Yes! #Metaverse ğŸ’ª [image],Replying to @Ryan: Y...,2025-06-14T05:49:00,0
c197,u21,This is hilarious!   ğŸ˜‚,This is hilarious!  ...,2025-05-18T08:29:00,2
c198,u20,This is hilarious!   ğŸ˜‚,This is hilarious!  ...,2025-06-23T01:46:00,0
c199,u20,Replying to @Cristiano: Yes! #Crypto #Innovation ğŸ’ª,Replying to @Cristia...,2025-05-19T13:34:00,0
c200,u32,Love this!  [image] ğŸ˜,Love this!  [image] ...,2025-05-14T09:42:00,1
c201,u47,This is hilarious!   ğŸ˜‚,This is hilarious!  ...,2025-07-09T02:40:00,0
c202,u3,Replying to @Pharrell: Yes! #Blockchain ğŸ’ª [image],Replying to @Pharrel...,2025-06-14T13:13:00,1
c203,u4,Love this! #Sustainability [image] ğŸ˜,Love this! #Sustaina...,2025-04-19T06:41:00,0
c204,u45,Not sure about that...  ğŸ¤”,Not sure about that....,2025-05-20T06:01:00,0
c205,u9,Love this! #RenewableEnergy #Innovation [image] ğŸ˜ [image],Love this! #Renewabl...,2025-04-25T19:56:00,0
c206,u50,This is hilarious!   ğŸ˜‚,This is hilarious!  ...,2025-05-03T14:50:00,1
c207,u14,Great point! Check my take: https://blog.example.com/reply86 ğŸ‘€ [image],Great point! Check m...,2025-07-01T09:57:00,1
c208,u6,Love this! #RenewableEnergy #photography [image] ğŸ˜,Love this! #Renewabl...,2025-04-06T23:06:00,1
c209,u17,Not sure about that... @Wizkid ğŸ¤”,Not sure about that....,2025-05-14T08:07:00,1
c210,u21,Totally agree! @Sundar  ğŸ™Œ,Totally agree! @Sund...,2025-06-25T06:07:00,0
c211,u42,Not sure about that...  ğŸ¤”,Not sure about that....,2025-05-21T18:39:00,2
c212,u24,Not sure about that... @Satya ğŸ¤”,Not sure about that....,2025-07-20T23:11:00,1
c213,u31,Totally agree! @Lizzo  ğŸ™Œ,Totally agree! @Lizz...,2025-05-09T01:33:00,1
c214,u7,Great point! Check my take:  ğŸ‘€,Great point! Check m...,2025-06-05T15:27:00,1
c215,u40,Love this! #Cybersecurity #MusicFest [image] ğŸ˜,Love this! #Cybersec...,2025-04-28T23:15:00,0
c216,u27,Replying to @Naledi: Yes!  ğŸ’ª,Replying to @Naledi:...,2025-07-28T14:52:00,0
c217,u50,Great point! Check my take:  ğŸ‘€,Great point! Check m...,2025-04-27T20:55:00,1
c218,u47,This is hilarious!  #ClimateAction ğŸ˜‚,This is hilarious!  ...,2025-04-20T04:36:00,1
c219,u40,Love this!  [image] ğŸ˜,Love this!  [image] ...,2025-05-16T04:04:00,2
c220,u5,Great point! Check my take:  ğŸ‘€,Great point! Check m...,2025-05-21T01:39:00,0
c221,u25,Love this!  [image] ğŸ˜,Love this!  [image] ...,2025-07-25T06:58:00,0
c222,u29,Totally agree! @Kendrick #RenewableEnergy ğŸ™Œ [video],Totally agree! @Kend...,2025-04-19T23:01:00,0
c223,u6,Not sure about that... @Greta ğŸ¤”,Not sure about that....,2025-03-25T20:01:00,1
c224,u30,Love this! #Innovation #Metaverse [image] ğŸ˜,Love this! #Innovati...,2025-05-15T13:37:00,1
c225,u15,Not sure about that...  ğŸ¤”,Not sure about that....,2025-07-20T01:30:00,2
c226,u45,Replying to : Yes!  ğŸ’ª,Replying to : Yes!  ...,2025-06-18T10:46:00,0
c227,u7,Love this!  [image] ğŸ˜,Love this!  [image] ...,2025-04-27T17:59:00,0
c228,u46,Great point! Check my take:  ğŸ‘€,Great point! Check m...,2025-05-21T03:31:00,0
c229,u30,Great point! Check my take:  ğŸ‘€ [video],Great point! Check m...,2025-06-14T06:23:00,1
c230,u50,Replying to : Yes! #DataScience #reels ğŸ’ª [video],Replying to : Yes! #...,2025-07-12T04:22:00,0
c231,u33,Not sure about that... @Mindy ğŸ¤”,Not sure about that....,2025-06-07T07:00:00,1
c232,u9,Not sure about that...  ğŸ¤”,Not sure about that....,2025-03-15T09:28:00,2
c233,u21,Replying to : Yes!  ğŸ’ª,Replying to : Yes!  ...,2025-06-21T02:42:00,3
c234,u9,Not sure about that...  ğŸ¤”,Not sure about that....,2025-07-17T13:58:00,1
c235,u37,Love this! #Cybersecurity #MusicFest [image] ğŸ˜,Love this! #Cybersec...,2025-05-06T10:54:00,2
c236,u7,This is hilarious! https://blog.example.com/reply8 #viral ğŸ˜‚,This is hilarious! h...,2025-03-30T08:51:00,1
c237,u17,Great point! Check my take:  ğŸ‘€,Great point! Check m...,2025-07-03T05:20:00,0
c238,u7,Replying to : Yes! #MentalHealth #Springboks ğŸ’ª,Replying to : Yes! #...,2025-07-01T08:27:00,3
c239,u4,Great point! Check my take:  ğŸ‘€,Great point! Check m...,2025-04-12T07:41:00,0
c240,u13,Great point! Check my take:  ğŸ‘€,Great point! Check m...,2025-07-01T01:35:00,1
c241,u13,This is hilarious!  #Sustainability ğŸ˜‚,This is hilarious!  ...,2025-06-22T03:51:00,1
c242,u8,Totally agree! @Naledi #travel ğŸ™Œ [video],Totally agree! @Nale...,2025-07-12T06:09:00,0
c243,u46,Totally agree!   ğŸ™Œ,Totally agree!   ğŸ™Œ,2025-07-18T03:46:00,2
c244,u40,This is hilarious! https://blog.example.com/reply91 #Springboks #ClimateAction ğŸ˜‚,This is hilarious! h...,2025-05-20T10:55:00,1
c245,u5,This is hilarious!  #Springboks ğŸ˜‚ [image],This is hilarious!  ...,2025-04-05T00:36:00,1
c246,u22,Love this!  [image] ğŸ˜,Love this!  [image] ...,2025-04-13T23:42:00,1
c247,u1,Great point! Check my take:  ğŸ‘€,Great point! Check m...,2025-03-20T18:13:00,1
c248,u44,Not sure about that... @Snoop ğŸ¤”,Not sure about that....,2025-06-13T16:38:00,0
c249,u50,Great point! Check my take: https://blog.example.com/reply84 ğŸ‘€,Great point! Check m...,2025-04-12T22:13:00,0
c250,u11,Replying to : Yes! #fashion #explore ğŸ’ª,Replying to : Yes! #...,2025-06-14T04:10:00,1
c251,u14,Love this!  [image] ğŸ˜,Love this!  [image] ...,2025-07-26T06:52:00,0
c252,u3,Great point! Check my take: https://blog.example.com/reply33 ğŸ‘€,Great point! Check m...,2025-06-16T12:37:00,2
c253,u17,Love this! #MentalHealth [image] ğŸ˜,Love this! #MentalHe...,2025-05-22T02:26:00,0
c254,u35,Replying to : Yes! #RenewableEnergy #Innovation ğŸ’ª,Replying to : Yes! #...,2025-07-26T17:11:00,0
c255,u23,Not sure about that...  ğŸ¤”,Not sure about that....,2025-04-20T07:05:00,3
c256,u25,This is hilarious!   ğŸ˜‚,This is hilarious!  ...,2025-06-14T20:46:00,1
c257,u19,Replying to : Yes! #Gaming ğŸ’ª,Replying to : Yes! #...,2025-07-09T21:18:00,0
c258,u36,Great point! Check my take: https://blog.example.com/reply74 ğŸ‘€,Great point! Check m...,2025-06-07T17:35:00,0
c259,u14,This is hilarious!  #Cybersecurity ğŸ˜‚,This is hilarious!  ...,2025-06-02T15:41:00,0
c260,u40,Totally agree! @Safarina  ğŸ™Œ,Totally agree! @Safa...,2025-05-06T03:06:00,0
c261,u36,Great point! Check my take: https://blog.example.com/reply13 ğŸ‘€,Great point! Check m...,2025-07-04T03:21:00,0
c262,u23,This is hilarious!  #MentalHealth #fyp ğŸ˜‚,This is hilarious!  ...,2025-06-14T15:28:00,0
c263,u29,Not sure about that... @Mark ğŸ¤”,Not sure about that....,2025-06-23T08:41:00,0
c264,u11,Replying to : Yes! #fyp ğŸ’ª,Replying to : Yes! #...,2025-06-22T14:25:00,1
c265,u24,Not sure about that...  ğŸ¤”,Not sure about that....,2025-05-15T23:04:00,0
c266,u36,This is hilarious!   ğŸ˜‚ [video],This is hilarious!  ...,2025-04-13T16:15:00,0
c267,u47,Great point! Check my take: https://blog.example.com/reply65 ğŸ‘€,Great point! Check m...,2025-03-16T18:47:00,2
c268,u14,Replying to : Yes! #travel #Springboks ğŸ’ª,Replying to : Yes! #...,2025-04-07T19:15:00,2
c269,u26,Great point! Check my take:  ğŸ‘€,Great point! Check m...,2025-04-05T08:11:00,0
c270,u24,Replying to : Yes! #fyp #DigitalNomad ğŸ’ª,Replying to : Yes! #...,2025-04-10T13:01:00,1
c271,u9,This is hilarious!   ğŸ˜‚,This is hilarious!  ...,2025-07-18T05:23:00,0
c272,u3,Replying to : Yes! #fyp ğŸ’ª,Replying to : Yes! #...,2025-06-14T04:53:00,1
c273,u24,Replying to @Tim: Yes! #Cybersecurity ğŸ’ª,Replying to @Tim: Ye...,2025-04-27T21:46:00,1
c274,u18,Great point! Check my take:  ğŸ‘€,Great point! Check m...,2025-03-17T16:25:00,0
c275,u17,Love this! #Afrobeats #ClimateAction [image] ğŸ˜,Love this! #Afrobeat...,2025-04-20T02:57:00,2
c276,u9,This is hilarious! https://blog.example.com/reply83  ğŸ˜‚,This is hilarious! h...,2025-05-23T04:55:00,0
c277,u24,Love this! #fyp #TechTrends [image] ğŸ˜,Love this! #fyp #Tec...,2025-06-21T21:03:00,2
c278,u14,This is hilarious! https://blog.example.com/reply6 #MusicFest #TechTrends ğŸ˜‚ [image],This is hilarious! h...,2025-04-14T16:04:00,2
c279,u37,Great point! Check my take:  ğŸ‘€,Great point! Check m...,2025-06-23T10:02:00,0
c280,u37,This is hilarious!  #RenewableEnergy #Gaming ğŸ˜‚,This is hilarious!  ...,2025-04-07T19:34:00,0
c281,u31,Great point! Check my take:  ğŸ‘€,Great point! Check m...,2025-07-13T01:05:00,0
c282,u43,Totally agree! @Trevor #Gaming #AI ğŸ™Œ,Totally agree! @Trev...,2025-04-26T07:54:00,0
c283,u25,Great point! Check my take: https://blog.example.com/reply67 ğŸ‘€,Great point! Check m...,2025-05-16T14:26:00,0
c284,u39,Totally agree!   ğŸ™Œ,Totally agree!   ğŸ™Œ,2025-04-29T04:22:00,0
c285,u49,Replying to : Yes!  ğŸ’ª [image],Replying to : Yes!  ...,2025-04-28T14:57:00,0
c286,u27,Love this! #Crypto #TechTrends [image] ğŸ˜,Love this! #Crypto #...,2025-07-26T00:48:00,0
c287,u48,Totally agree!  #viral ğŸ™Œ,Totally agree!  #vir...,2025-04-02T02:13:00,0
c288,u35,Great point! Check my take: https://blog.example.com/reply96 ğŸ‘€,Great point! Check m...,2025-07-27T09:21:00,0
c289,u34,Love this! #MentalHealth [image] ğŸ˜,Love this! #MentalHe...,2025-04-07T23:17:00,0
c290,u10,Not sure about that... @Lizzo ğŸ¤”,Not sure about that....,2025-05-14T07:08:00,1
c291,u26,Not sure about that...  ğŸ¤”,Not sure about that....,2025-05-07T09:28:00,0
c292,u31,Replying to @Jack: Yes! #ClimateAction #Blockchain ğŸ’ª,Replying to @Jack: Y...,2025-04-02T21:10:00,1
c293,u29,Not sure about that...  ğŸ¤”,Not sure about that....,2025-05-28T11:06:00,0
c294,u45,Totally agree!   ğŸ™Œ,Totally agree!   ğŸ™Œ,2025-04-27T04:52:00,0
c295,u39,Great point! Check my take:  ğŸ‘€,Great point! Check m...,2025-04-08T02:49:00,1
c296,u26,Love this! #instagood #Blockchain [image] ğŸ˜,Love this! #instagoo...,2025-07-29T04:00:00,0
c297,u43,Replying to @Safarina: Yes!  ğŸ’ª,Replying to @Safarin...,2025-06-20T02:23:00,2
c298,u11,Totally agree!  #fyp ğŸ™Œ,Totally agree!  #fyp...,2025-04-01T03:22:00,0
c299,u23,Great point! Check my take: https://blog.example.com/reply91 ğŸ‘€ [image],Great point! Check m...,2025-05-06T23:53:00,1
c300,u38,Love this! #fyp [image] ğŸ˜,Love this! #fyp [ima...,2025-07-27T08:01:00,1
